area_code,L008_scr,L002_scr,L003_scr,L004_scr,k_mean_scr,anesthesiologist_count,L008_per_anes,L003_per_anes,L002_per_anes,L008_per_surgery,L003_per_surgery,L002_per_surgery,L003_L008_ratio
0101,118.4,38.7,137.8,108.9,128.81575562700965,41,2.887804878048781,3.360975609756098,0.9439024390243903,0.9191422231208362,1.0697449184632704,0.3004290881315571,1.1638513513513513
0102,14.2,,1.2,18.4,65.5125,0,,,,0.21675252814348406,0.018317115054378934,,0.08450704225352113
0103,37.0,65.5,,25.2,107.65684210526315,0,,,,0.3436846119248294,,0.6084146508399007,
0104,167.7,145.0,216.4,93.1,154.94119402985075,335,0.5005970149253731,0.6459701492537313,0.43283582089552236,1.082346118797117,1.3966589153708773,0.9358389220368633,1.2903995229576626
0105,87.5,39.6,53.8,26.4,74.9105882352941,16,5.46875,3.3625,2.475,1.1680591764299404,0.7181895279077803,0.5286302101328644,0.6148571428571429
0106,59.1,22.9,21.3,52.2,60.13691588785046,4,14.775,5.325,5.725,0.9827574149332132,0.3541917586815134,0.38079771238528903,0.3604060913705584
0107,90.3,122.5,115.4,123.1,105.16055776892432,11,8.209090909090909,10.490909090909092,11.136363636363637,0.8586869632093591,1.0973696074679962,1.164885415206495,1.2779623477297897
0108,51.4,5.7,39.9,16.1,109.18028169014086,3,17.133333333333333,13.299999999999999,1.9000000000000001,0.4707809799014422,0.3654506050207693,0.05220722928868134,0.7762645914396887
0109,95.8,138.4,149.8,60.8,104.31901140684411,15,6.386666666666667,9.986666666666668,9.226666666666667,0.9183369235199136,1.4359798657962743,1.326699689093487,1.5636743215031317
0110,83.0,65.8,140.3,158.1,115.5363309352518,14,5.928571428571429,10.021428571428572,4.7,0.7183887468826959,1.214336640814967,0.5695178258419445,1.6903614457831326
0111,15.3,13.2,14.6,7.7,45.607142857142854,0,,,,0.3354737666405639,0.32012529365700865,0.2894283476898982,0.9542483660130718
0112,135.6,359.0,173.2,111.1,152.31619937694705,69,1.9652173913043478,2.5101449275362318,5.202898550724638,0.8902533056541256,1.137108204567069,2.356939061429433,1.2772861356932153
0113,70.0,16.8,86.7,96.0,128.59836956521738,5,14.0,17.34,3.3600000000000003,0.544330384877082,0.674192062412043,0.13063929237049968,1.2385714285714287
0114,67.4,49.1,49.0,101.8,134.13000000000002,0,,,,0.502497576977559,0.3653172295534183,0.36606277491985384,0.7270029673590503
0115,28.5,,19.9,64.3,79.39374999999998,2,14.25,9.95,,0.358970321971188,0.2506494528851453,,0.6982456140350877
0116,41.0,32.3,55.4,31.6,81.68814814814816,0,,,,0.5019087949654966,0.6781889570997197,0.3954061970094033,1.3512195121951218
0117,98.3,7.9,143.6,146.0,103.74256055363323,14,7.021428571428571,10.257142857142856,0.5642857142857143,0.9475378231982281,1.3841956399925286,0.07615003869039677,1.4608341810783316
0118,40.0,,69.7,24.9,73.25714285714285,3,13.333333333333334,23.233333333333334,,0.546021840873635,0.951443057722309,,1.7425000000000002
0119,91.9,115.2,140.3,109.8,101.85639344262295,29,3.1689655172413795,4.837931034482759,3.972413793103448,0.9022506775852858,1.377429489284174,1.131004113795701,1.5266594124047879
0120,147.5,305.4,142.2,80.1,146.27297297297295,19,7.7631578947368425,7.484210526315789,16.073684210526313,1.0083886107056412,0.9721549860497775,2.0878771641322222,0.9640677966101694
0121,35.8,38.3,27.3,54.3,67.92014388489208,3,11.933333333333332,9.1,12.766666666666666,0.5270895783241004,0.40194261140357385,0.5638975097713141,0.7625698324022347
0201,103.9,28.1,22.3,175.8,133.02571428571432,39,2.6641025641025644,0.5717948717948718,0.7205128205128205,0.7810519985394874,0.1676367619579458,0.21123735475418282,0.21462945139557266
0202,83.5,128.6,68.8,133.5,94.84501718213059,12,6.958333333333333,5.733333333333333,10.716666666666667,0.8803836245783498,0.7253939325867121,1.3558962170152788,0.8239520958083832
0203,66.6,5.4,20.5,127.5,88.5914383561644,17,3.9176470588235293,1.2058823529411764,0.31764705882352945,0.7517656472880351,0.23139933587694778,0.06095397140173259,0.3078078078078078
0204,25.3,,20.1,77.3,56.78834355828221,2,12.65,10.05,,0.445513963161022,0.3539458758710096,,0.7944664031620554
0205,47.1,1.0,38.7,54.2,59.49346733668342,4,11.775,9.675,0.25,0.7916835596999797,0.65049158726941,0.016808568146496384,0.821656050955414
0206,42.4,139.3,62.8,81.5,79.74906832298136,4,10.6,15.7,34.825,0.531667653197919,0.7874700146422008,1.7467288700582575,1.4811320754716981
0301,128.2,65.6,79.3,79.8,141.90809968847353,42,3.052380952380952,1.888095238095238,1.5619047619047617,0.9034015696174742,0.5588123593655672,0.4622710059821085,0.6185647425897036
0302,63.2,30.3,22.1,40.2,66.47520661157024,7,9.028571428571428,3.1571428571428575,4.328571428571428,0.9507304034313422,0.332454777149251,0.4558090383539504,0.3496835443037975
0303,64.4,1.2,78.4,30.5,79.83193717277487,6,10.733333333333334,13.066666666666668,0.19999999999999998,0.8066946923838693,0.982063103771667,0.015031578118954085,1.2173913043478262
0304,60.3,85.7,66.8,53.3,81.53645320197045,3,20.099999999999998,22.266666666666666,28.566666666666666,0.7395465173182535,0.8192654619711331,1.0510636241156603,1.1077943615257049
0305,64.2,,80.3,62.0,88.01741935483871,0,,,,0.7294010716353801,0.9123194089146577,,1.250778816199377
0306,50.2,164.1,26.0,4.0,92.70265486725664,3,16.733333333333334,8.666666666666666,54.699999999999996,0.5415163144128148,0.28046661702655745,1.7701758405406953,0.5179282868525896
0307,26.8,6.5,10.7,73.9,69.91212121212122,0,,,,0.3833383901868146,0.15304928264921328,0.09297386329157815,0.39925373134328357
0308,43.2,2.9,7.7,16.4,74.50409836065573,0,,,,0.5798338742505089,0.10335001925298422,0.0389240332251499,0.17824074074074073
0309,32.5,,9.2,66.3,77.02384615384614,1,32.5,9.2,,0.42194724910367426,0.1194435289770401,,0.28307692307692306
0401,37.3,1.9,50.1,69.0,53.4200956937799,5,7.459999999999999,10.02,0.38,0.6982391086271138,0.9378493121238178,0.03556713958154199,1.3431635388739949
0403,123.9,155.7,153.4,59.0,122.28686567164179,153,0.8098039215686275,1.0026143790849673,1.0176470588235293,1.0131913948362183,1.254427441225794,1.273235675351083,1.2380952380952381
0406,59.3,107.1,94.9,39.2,66.70574712643679,10,5.93,9.49,10.709999999999999,0.8889788744529068,1.4226660233656132,1.6055588103525515,1.600337268128162
0409,66.0,122.7,124.2,52.4,73.36863468634685,13,5.076923076923077,9.553846153846154,9.438461538461539,0.899566964577602,1.6928214697051238,1.6723767659647237,1.8818181818181818
0501,69.9,87.9,31.1,89.6,96.98557692307692,2,34.95,15.55,43.95,0.7207257225003718,0.3206662370495217,0.9063203291528281,0.4449213161659513
0502,52.4,10.5,88.2,5.0,106.51206896551722,0,,,,0.4919630283115076,0.8280751736083011,0.09858037781051203,1.683206106870229
0503,85.3,50.7,133.7,24.1,115.8107142857143,3,28.433333333333334,44.56666666666666,16.900000000000002,0.7365467049064051,1.1544700403984332,0.4377833287075585,1.5674091441969518
0504,111.2,120.5,192.8,49.8,125.62407407407406,45,2.471111111111111,4.2844444444444445,2.6777777777777776,0.8851806536256027,1.5347376800271242,0.9592110500169525,1.7338129496402879
0505,69.0,3.4,73.4,20.8,88.23098591549297,5,13.8,14.680000000000001,0.6799999999999999,0.7820381840240086,0.8319072856139454,0.03853521486495115,1.0637681159420291
0506,69.7,2.7,74.5,44.6,83.10945945945946,5,13.940000000000001,14.9,0.54,0.8386530300320321,0.8964081884847401,0.0324872766296483,1.0688665710186513
0507,99.5,80.7,133.7,89.0,134.9842105263158,1,99.5,133.7,80.7,0.7371232502826841,0.9904862167115062,0.5978477014855539,1.343718592964824
0508,38.4,16.8,44.7,12.7,80.22442748091603,1,38.4,44.7,16.8,0.4786572021238129,0.5571868993472511,0.20941252592916818,1.1640625000000002
0601,83.6,91.9,98.1,189.5,114.63048780487806,37,2.2594594594594595,2.651351351351351,2.483783783783784,0.7292998712724873,0.8557932699979786,0.8017064374394928,1.173444976076555
0602,32.9,4.6,67.8,223.1,98.61518324607331,2,16.45,33.9,2.3,0.3336200260147062,0.6875209046746833,0.046645961084123055,2.060790273556231
0603,45.9,10.5,99.5,177.8,87.13490909090909,7,6.557142857142857,14.214285714285714,1.5,0.5267693566089783,1.1419074288146698,0.12050279399551793,2.167755991285403
0604,58.1,9.2,120.6,195.3,88.1828282828283,10,5.8100000000000005,12.059999999999999,0.9199999999999999,0.6588584323203628,1.3676132003069836,0.10432870184763059,2.075731497418244
0701,90.0,101.4,90.0,72.4,97.73055555555555,44,2.0454545454545454,2.0454545454545454,2.3045454545454547,0.9208992979563994,0.9208992979563994,1.03754654236421,1.0
0702,105.1,84.9,127.0,106.0,105.54402515723271,34,3.091176470588235,3.735294117647059,2.4970588235294118,0.995792986324226,1.2032893364717099,0.8044036587909305,1.20837297811608
0703,52.3,234.5,39.4,45.6,79.21218274111676,5,10.459999999999999,7.88,46.9,0.660251973751666,0.49739823644006964,2.9604032092689425,0.7533460803059273
0706,27.2,115.0,37.3,30.7,49.88406593406593,2,13.6,18.65,57.5,0.5452642941325492,0.7477337562920618,2.305345361222175,1.3713235294117647
0707,91.1,29.6,87.3,74.0,97.44390243902438,10,9.11,8.73,2.96,0.9348968762515018,0.8959000800961153,0.3037645174209051,0.9582875960482986
0708,86.5,22.4,154.4,228.1,110.06843853820598,12,7.208333333333333,12.866666666666667,1.8666666666666665,0.7858746898637513,1.4027636082654706,0.20350974627685584,1.784971098265896
0801,145.5,81.0,146.7,106.4,138.70216718266255,40,3.6375,3.6674999999999995,2.025,1.0490102855306154,1.0576619167514865,0.5839851074087963,1.0082474226804123
0802,77.0,99.6,124.0,158.8,90.64280442804427,8,9.625,15.5,12.45,0.8494882796915838,1.36800709976307,1.098818605938724,1.6103896103896105
0803,36.0,8.0,34.6,39.0,42.83380281690141,5,7.2,6.92,1.6,0.8404577140602393,0.8077732474023411,0.1867683809022754,0.9611111111111111
0804,33.8,67.1,25.6,35.8,43.411675126903546,8,4.225,3.2,8.3875,0.7785923925117808,0.5897031138550767,1.5456671460810796,0.7573964497041421
0805,98.4,142.2,165.8,86.3,109.84551495016612,17,5.788235294117648,9.75294117647059,8.36470588235294,0.8958035295718844,1.5093925325510003,1.2945453445642474,1.684959349593496
0806,181.6,245.5,115.7,41.3,191.27256097560974,58,3.1310344827586207,1.9948275862068967,4.232758620689655,0.9494304832524141,0.6048959631734819,1.2835087204761435,0.637114537444934
0807,73.0,58.5,70.4,69.2,75.07328767123288,18,4.055555555555555,3.9111111111111114,3.25,0.9723831507111772,0.9377503261652997,0.7792385522822447,0.9643835616438357
0808,31.5,4.3,36.1,56.5,46.22894736842105,5,6.3,7.220000000000001,0.86,0.6813912449479137,0.7808959981784027,0.09301531280241361,1.1460317460317462
0809,63.8,4.1,52.2,57.7,75.31141732283464,7,9.114285714285714,7.457142857142857,0.5857142857142856,0.847149107903665,0.693121997375726,0.05444061665211641,0.8181818181818182
0901,63.4,108.0,121.0,93.9,74.15104166666667,14,4.5285714285714285,8.642857142857142,7.714285714285714,0.855011589520264,1.631804453185362,1.4564866193720587,1.9085173501577288
0902,55.7,7.2,45.7,66.1,68.17647058823529,10,5.57,4.57,0.72,0.8169974115616913,0.6703192407247628,0.10560828300258844,0.8204667863554758
0903,99.9,34.8,83.6,164.8,108.38285714285716,33,3.0272727272727273,2.533333333333333,1.0545454545454545,0.921732482733168,0.7713396952601885,0.3210839879791216,0.8368368368368367
0904,40.7,5.5,27.8,104.3,58.63609467455621,5,8.14,5.5600000000000005,1.1,0.6941117109844089,0.4741107018517584,0.09379887986275796,0.683046683046683
0905,148.9,49.9,112.2,139.8,180.54242424242423,76,1.9592105263157895,1.4763157894736842,0.656578947368421,0.8247369039426644,0.6214605817486027,0.27638933181154435,0.7535258562793822
0906,62.9,83.2,55.4,152.0,75.64798534798535,14,4.492857142857143,3.957142857142857,5.942857142857143,0.8314828175615802,0.7323393973435858,1.0998310082849518,0.8807631160572337
1001,195.4,211.7,116.8,155.8,202.56,63,3.1015873015873017,1.8539682539682538,3.36031746031746,0.964652448657188,0.5766192733017378,1.0451224328593995,0.5977482088024565
1002,64.2,94.2,28.8,158.6,150.60284360189573,8,8.025,3.6,11.775,0.42628677164759643,0.19123144896340774,0.6254861976511461,0.4485981308411215
1003,73.8,33.6,57.5,176.2,85.21843137254902,11,6.709090909090909,5.2272727272727275,3.0545454545454547,0.866009838615415,0.674736662877864,0.39428090213384753,0.7791327913279134
1004,60.5,71.7,19.1,94.6,70.79681978798587,20,3.025,0.9550000000000001,3.585,0.8545581592673005,0.26978612961992465,1.0127573556936438,0.315702479338843
1005,86.5,210.1,12.5,154.8,127.01428571428572,5,17.3,2.5,42.019999999999996,0.681025756382859,0.09841412664492183,1.654144640647846,0.14450867052023122
1006,93.3,,2.0,89.1,122.30584795321637,6,15.549999999999999,0.3333333333333333,,0.7628416920480245,0.016352447846688628,,0.021436227224008574
1007,10.8,,11.9,26.4,51.31014492753623,0,,,,0.2104846909953678,0.2319229465597108,,1.1018518518518519
1008,55.7,,21.2,75.0,93.91618497109826,3,18.566666666666666,7.066666666666666,,0.5930820126173258,0.22573318972149561,,0.38061041292639136
1009,47.9,1.0,55.3,137.0,73.23554502369667,9,5.322222222222222,6.144444444444444,0.1111111111111111,0.6540539840933948,0.7550978146213931,0.013654571692972751,1.1544885177453026
1010,104.7,60.0,71.6,87.2,93.3248201438849,24,4.3625,2.983333333333333,2.5,1.12188804477284,0.7672128367309966,0.6429157849701089,0.6838586437440305
1101,73.4,122.5,78.0,48.9,70.67653061224489,39,1.8820512820512822,2.0,3.141025641025641,1.0385342823729844,1.1036195371266044,1.7332486320257572,1.0626702997275204
1102,72.3,130.4,86.5,43.9,62.18692810457515,52,1.3903846153846153,1.6634615384615385,2.5076923076923077,1.1626237571731866,1.3909675656359701,2.09690370588359,1.1964038727524204
1103,82.0,56.1,73.4,59.4,79.79413580246913,69,1.1884057971014492,1.0637681159420291,0.8130434782608695,1.0276444399747808,0.9198670962701088,0.7030591839339659,0.8951219512195122
1104,90.2,130.9,59.1,73.5,88.30727272727272,89,1.0134831460674159,0.6640449438202247,1.4707865168539327,1.0214334246124073,0.6692540509378411,1.4823241162058105,0.655210643015521
1105,88.5,12.3,89.2,33.8,79.48537414965986,28,3.1607142857142856,3.185714285714286,0.43928571428571433,1.113412384942252,1.1222190365745635,0.15474545011061805,1.007909604519774
1106,88.9,74.0,66.0,71.6,91.51370716510903,74,1.2013513513513514,0.8918918918918919,1.0,0.971439172927468,0.7212034354692112,0.8086220337079035,0.7424071991001124
1107,108.0,61.5,93.2,89.5,103.09124999999999,57,1.894736842105263,1.6350877192982456,1.0789473684210527,1.0476155832818015,0.904053447795036,0.596558873813248,0.862962962962963
1108,61.1,10.4,41.7,70.9,62.02014388489208,22,2.7772727272727273,1.8954545454545455,0.4727272727272727,0.9851637899034894,0.6723621937639199,0.16768745360059395,0.6824877250409166
1109,59.8,44.4,67.9,73.3,82.28254545454546,24,2.4916666666666667,2.829166666666667,1.8499999999999999,0.7267640988699691,0.8252053898540285,0.5396041135422512,1.1354515050167227
1110,29.5,5.1,38.6,47.2,122.02941176470588,1,29.5,38.6,5.1,0.24174499879489034,0.3163171848638226,0.04179320318148951,1.3084745762711865
1201,102.1,63.8,133.7,124.8,115.91829268292682,101,1.010891089108911,1.3237623762376236,0.6316831683168317,0.8807928208473168,1.1533986302378674,0.5503876784530736,1.3095004897159648
1202,88.1,119.9,101.7,65.8,75.51951219512196,119,0.7403361344537814,0.8546218487394959,1.007563025210084,1.166585925136453,1.3466718341246002,1.5876691535057972,1.1543700340522136
1203,104.3,68.8,104.5,118.7,104.89507692307693,87,1.1988505747126437,1.2011494252873562,0.7908045977011494,0.9943269318205151,0.9962335989956264,0.6558935082382688,1.0019175455417066
1204,103.0,85.7,121.1,79.5,108.91818181818182,45,2.2888888888888888,2.691111111111111,1.9044444444444446,0.945663967949253,1.1118437526082965,0.7868291461480678,1.1757281553398058
1205,76.5,32.1,116.0,182.1,103.16040955631398,14,5.464285714285714,8.285714285714286,2.292857142857143,0.7415635545556807,1.1244623833785483,0.3111658836763052,1.5163398692810457
1206,33.9,1.9,38.1,36.0,34.91762114537445,3,11.299999999999999,12.700000000000001,0.6333333333333333,0.9708565156504296,1.0911396237841113,0.05441378701285594,1.1238938053097347
1207,216.7,15.6,221.7,346.5,299.5855737704918,20,10.834999999999999,11.084999999999999,0.78,0.7233325599516709,0.7400222821471409,0.05207193324986648,1.0230733733271804
1208,67.8,65.6,95.5,70.4,76.26760563380282,9,7.533333333333333,10.61111111111111,7.288888888888888,0.8889750692520776,1.2521698984302863,0.8601292705447829,1.4085545722713866
1209,80.7,17.7,99.7,108.7,88.25489510489511,11,7.336363636363637,9.063636363636364,1.6090909090909091,0.914396871743876,1.1296823805807241,0.20055544770590586,1.2354399008674102
1301,435.7,186.0,443.0,141.3,464.9494011976048,422,1.0324644549763033,1.0497630331753554,0.44075829383886256,0.9370912165447144,0.9527918497344698,0.40004353058828757,1.016754647693367
1302,118.9,68.4,94.2,41.8,112.37060606060606,123,0.9666666666666667,0.7658536585365854,0.5560975609756098,1.0581058887933057,0.8382975166049571,0.6087001075985039,0.7922624053826745
1303,110.1,95.1,86.6,67.5,101.21601208459215,149,0.7389261744966442,0.5812080536912752,0.6382550335570469,1.0877725542869934,0.8555958510558912,0.9395746586075665,0.7865576748410535
1304,168.5,63.7,134.0,115.9,182.0732732732733,180,0.9361111111111111,0.7444444444444445,0.3538888888888889,0.9254515886420013,0.735967435477912,0.3498591465667388,0.7952522255192879
1305,83.4,44.1,64.9,49.1,79.10606060606061,167,0.49940119760479046,0.388622754491018,0.26407185628742513,1.054280789120858,0.8204175445316989,0.5574794100746984,0.7781774580335732
1306,61.8,37.0,64.2,100.6,65.98402555910543,71,0.8704225352112676,0.9042253521126761,0.5211267605633803,0.9365903258606497,0.9729627656998984,0.5607417808550815,1.0388349514563107
1307,97.8,46.1,90.0,75.1,89.89661538461539,109,0.8972477064220183,0.8256880733944955,0.42293577981651376,1.0879163757341765,1.001150039019181,0.5128112977642694,0.9202453987730062
1308,62.5,48.9,82.2,50.3,44.5969465648855,20,3.125,4.11,2.445,1.401441237889836,1.8431755160727123,1.0964876245250077,1.3152000000000001
1309,71.1,58.7,82.3,63.3,60.60923566878982,50,1.422,1.646,1.1740000000000002,1.1730885436097374,1.3578788627156313,0.9684992617424977,1.157524613220816
1310,88.4,169.3,110.3,46.4,78.34092409240924,33,2.678787878787879,3.3424242424242423,5.130303030303031,1.1284012924806108,1.4079486715001286,2.161067181187414,1.2477375565610858
1311,121.9,69.9,110.2,94.5,128.36819571865442,120,1.0158333333333334,0.9183333333333333,0.5825,0.949612163024938,0.8584680915943246,0.5445274011111007,0.904019688269073
1312,64.9,10.7,59.7,47.9,56.28125,46,1.4108695652173915,1.297826086956522,0.2326086956521739,1.1531371460299835,1.0607440310938367,0.19011660188784008,0.9198767334360555
1313,,,,1.0,29.625,0,,,,,,,
1404,106.2,55.7,72.3,75.6,93.3716923076923,55,1.930909090909091,1.3145454545454545,1.0127272727272727,1.137389688194083,0.7743246182338248,0.5965405426780642,0.6807909604519774
1405,156.1,88.6,175.2,93.8,140.3101851851852,66,2.3651515151515152,2.6545454545454543,1.3424242424242423,1.112535057907414,1.248662025274689,0.6314580789916521,1.122357463164638
1406,100.3,34.4,122.6,94.4,93.18741935483871,51,1.9666666666666666,2.403921568627451,0.6745098039215686,1.0763255458129817,1.3156282344633257,0.3691485421332659,1.222333000997009
1407,89.5,67.5,96.9,73.9,75.6963696369637,51,1.7549019607843137,1.9000000000000001,1.3235294117647058,1.182355249389606,1.2801142309033835,0.891720439483781,1.08268156424581
1408,119.1,26.5,158.9,72.5,105.86156249999999,36,3.308333333333333,4.413888888888889,0.7361111111111112,1.1250542424215588,1.5010169531552118,0.25032693051361304,1.334172963895886
1409,75.4,70.6,75.7,45.5,64.19491525423729,39,1.9333333333333336,1.941025641025641,1.81025641025641,1.1745478547854786,1.1792211221122113,1.0997755775577558,1.0039787798408488
1410,105.6,12.3,124.4,54.8,95.00155279503106,64,1.65,1.94375,0.1921875,1.1115607786731174,1.3094522809368923,0.12947156797044834,1.1780303030303032
1411,70.3,69.2,91.7,34.8,69.68437499999999,13,5.407692307692307,7.053846153846154,5.323076923076924,1.0088344768823716,1.3159334499304904,0.9930490156509263,1.3044096728307255
1412,104.3,91.9,120.4,76.8,97.70030211480362,272,0.38345588235294115,0.44264705882352945,0.33786764705882355,1.067550434771853,1.232340099199723,0.9406316870137421,1.1543624161073827
1501,59.2,52.4,117.7,119.6,122.44740740740743,7,8.457142857142857,16.814285714285713,7.485714285714286,0.48347287421961954,0.9612290083724531,0.4279388278565551,1.9881756756756757
1502,90.0,52.3,157.3,156.0,104.22765957446809,74,1.2162162162162162,2.1256756756756756,0.7067567567567568,0.8634943964725335,1.509196317390328,0.5017861881723722,1.7477777777777779
1503,44.6,10.2,57.3,74.2,54.6609756097561,6,7.433333333333334,9.549999999999999,1.7,0.8159386015795814,1.0482798625674892,0.18660479228950066,1.2847533632286994
1504,90.8,42.1,139.1,118.7,99.47322580645161,18,5.044444444444444,7.727777777777778,2.338888888888889,0.9128084392947364,1.3983662324438089,0.42322946359370495,1.5319383259911894
1505,70.7,108.0,143.2,84.1,89.37182539682539,5,14.14,28.639999999999997,21.6,0.791077050133871,1.6022946758015604,1.2084345320291099,2.0254596888260252
1506,68.2,1.9,95.2,84.3,90.48148148148148,14,4.871428571428572,6.8,0.1357142857142857,0.75374539500614,1.0521489971346705,0.02099877200163733,1.3958944281524928
1507,61.6,97.4,60.3,13.1,106.6610778443114,0,,,,0.5775302598190024,0.565342121218926,0.9131728458826435,0.9788961038961038
1601,92.3,110.7,109.1,22.1,104.84156378600825,8,11.5375,13.6375,13.8375,0.8803760328145543,1.0406178242694244,1.0558789472651264,1.182015167930661
1602,136.7,102.1,156.8,87.9,142.35377643504535,63,2.1698412698412697,2.488888888888889,1.6206349206349207,0.9602836217160342,1.1014811403443612,0.7172271966145362,1.147037307973665
1603,103.2,84.5,124.4,72.9,107.05763888888889,22,4.690909090909091,5.654545454545455,3.840909090909091,0.9639667105596025,1.1619908797830867,0.7892944480841707,1.2054263565891472
1604,71.6,1.3,52.0,89.5,84.29792531120331,6,11.933333333333332,8.666666666666666,0.21666666666666667,0.8493684718298073,0.6168597840104746,0.015421494600261867,0.7262569832402235
1701,67.5,48.3,81.3,82.3,77.65,11,6.136363636363637,7.390909090909091,4.390909090909091,0.8692852543464262,1.047005795235029,0.6220218931101094,1.2044444444444444
1702,135.8,250.5,199.5,97.7,147.47386018237083,92,1.4760869565217392,2.1684782608695654,2.722826086956522,0.9208411567451035,1.3527821117131673,1.6986061101962326,1.4690721649484535
1703,77.2,208.8,58.0,29.6,94.00829694323144,6,12.866666666666667,9.666666666666666,34.800000000000004,0.8212041118734293,0.6169668198012811,2.2210805512846123,0.7512953367875648
1704,22.0,5.3,8.7,61.7,63.67,0,,,,0.3455316475577195,0.13664206062509815,0.0832417150934506,0.39545454545454545
1801,138.9,258.1,198.5,185.1,157.4560975609756,41,3.387804878048781,4.841463414634147,6.295121951219513,0.8821506575584369,1.260668866273216,1.6391870749879953,1.4290856731461483
1802,28.2,,22.1,12.4,58.646,1,28.2,22.1,,0.4808512089486069,0.37683729495617774,,0.7836879432624114
1803,32.6,15.4,30.3,91.2,56.51428571428573,4,8.15,7.575,3.85,0.5768452982810919,0.5361476238624873,0.27249747219413545,0.9294478527607362
1804,51.1,118.0,58.7,112.1,78.13981481481481,8,6.3875,7.3375,14.75,0.6539559905677146,0.7512175468948111,1.5101136377101825,1.1487279843444227
1901,116.4,175.1,174.3,130.8,109.2436923076923,58,2.006896551724138,3.0051724137931037,3.018965517241379,1.0655077427459287,1.595515460142744,1.6028385374124752,1.4974226804123711
1902,69.1,,60.5,61.8,83.22085308056872,4,17.275,15.125,,0.8303207362354496,0.7269812524203285,,0.8755426917510855
1903,26.3,,26.6,166.9,100.69795918367349,0,,,,0.26117709051112636,0.2641562968667666,,1.0114068441064639
1904,44.9,8.2,31.0,72.4,60.45164319248827,4,11.225,7.75,2.05,0.7427424240070827,0.512806573367919,0.13564560972957856,0.690423162583519
2001,112.8,98.3,131.5,111.5,114.27006578947368,14,8.057142857142857,9.392857142857142,7.021428571428571,0.9871351628327398,1.1507825701463235,0.8602427881778221,1.1657801418439717
2002,56.7,116.4,39.8,56.6,73.98937007874015,6,9.450000000000001,6.633333333333333,19.400000000000002,0.7663262971378099,0.5379151080438241,1.5731989592035462,0.7019400352733686
2003,87.0,46.8,190.3,95.6,96.77739726027397,12,7.25,15.858333333333334,3.9,0.8989702395696946,1.9663682366679642,0.4835839909409391,2.1873563218390806
2004,58.3,0.9,37.7,100.1,77.17219917012449,7,8.328571428571427,5.385714285714286,0.1285714285714286,0.7554533967793101,0.4885178912277872,0.011662230825066537,0.646655231560892
2005,74.1,174.8,163.4,138.7,97.34562737642587,8,9.2625,20.425,21.85,0.7612052230498516,1.6785551072381346,1.795663603091958,2.2051282051282053
2006,31.2,83.2,2.0,57.5,81.38020833333334,1,31.2,2.0,83.2,0.38338559999999994,0.024575999999999997,1.0223616,0.06410256410256411
2007,136.6,109.1,149.6,125.0,154.17060606060608,62,2.203225806451613,2.4129032258064513,1.7596774193548386,0.8860314134479118,0.9703535831025447,0.7076575930246499,1.0951683748169838
2008,68.6,2.8,12.7,103.9,151.8876712328767,4,17.15,3.175,0.7,0.4516495607785133,0.083614423059579,0.018434675950143403,0.18513119533527697
2009,82.7,31.6,136.4,130.8,91.08691588785047,42,1.9690476190476192,3.2476190476190476,0.7523809523809524,0.9079240327098489,1.4974708350861354,0.34692139581174397,1.649334945586457
2010,73.2,52.2,93.9,43.7,102.55540540540542,6,12.200000000000001,15.65,8.700000000000001,0.7137605249634343,0.9156026406293235,0.5089931612444163,1.2827868852459017
2101,83.9,243.8,100.4,186.9,122.91450151057401,62,1.353225806451613,1.6193548387096774,3.9322580645161294,0.682588294862688,0.81682794760684,1.98349256600147,1.1966626936829559
2102,62.1,27.5,41.4,155.3,80.53552631578947,12,5.175,3.4499999999999997,2.2916666666666665,0.7710882742170014,0.5140588494780008,0.34146421160978324,0.6666666666666666
2103,44.2,91.0,105.9,177.9,69.29482758620689,15,2.9466666666666668,7.0600000000000005,6.066666666666666,0.6378542459754672,1.5282525938642981,1.3132293299494913,2.3959276018099547
2104,54.1,143.3,77.0,214.7,76.14225352112676,7,7.728571428571429,11.0,20.47142857142857,0.710512199182405,1.0112650524407614,1.882003662529365,1.423290203327172
2105,42.7,3.5,44.0,163.1,71.70440528634361,3,14.233333333333334,14.666666666666666,1.1666666666666667,0.5955003716923984,0.6136303595893566,0.048811505876426096,1.0304449648711944
2201,13.8,,12.6,66.6,41.8392523364486,0,,,,0.3298338098641887,0.30115260900643315,,0.9130434782608695
2202,63.7,,65.7,65.0,94.09103773584907,6,10.616666666666667,10.950000000000001,,0.6770039052904402,0.6982599148756974,,1.031397174254317
2203,113.2,22.7,146.7,85.0,114.646875,47,2.4085106382978725,3.1212765957446806,0.4829787234042553,0.9873797257884265,1.2795813230844713,0.19799929130209612,1.2959363957597172
2204,56.6,110.3,81.9,91.6,75.04028268551237,8,7.075,10.2375,13.7875,0.7542615509220019,1.0914137989489745,1.4698771919911096,1.4469964664310955
2205,106.7,88.2,127.8,121.5,119.62674772036473,57,1.8719298245614036,2.2421052631578946,1.5473684210526317,0.8919409917372172,1.0683229498033397,0.7372933033854036,1.197750702905342
2206,71.1,23.1,65.6,112.3,72.29493243243243,20,3.5549999999999997,3.28,1.155,0.9834714219624006,0.9073941670989237,0.31952447042660276,0.9226441631504922
2207,47.1,67.9,76.3,127.1,61.491289198606275,18,2.6166666666666667,4.238888888888889,3.7722222222222226,0.7659621486854035,1.2408261559383498,1.1042214415231189,1.6199575371549892
2208,113.1,76.6,81.8,153.9,129.70181818181817,84,1.3464285714285713,0.9738095238095238,0.9119047619047619,0.8720001121453405,0.6306773578557812,0.590585398676685,0.7232537577365163
2302,42.1,7.7,35.6,112.0,65.30147601476015,11,3.8272727272727276,3.2363636363636363,0.7000000000000001,0.64470211960422,0.5451637875988178,0.11791463945255329,0.8456057007125891
2304,153.2,137.9,71.2,177.5,186.18159509202457,24,6.383333333333333,2.966666666666667,5.745833333333334,0.8228525484717076,0.3824223332322819,0.7406747156282539,0.4647519582245431
2305,80.9,53.8,64.8,159.8,98.92880258899676,29,2.7896551724137932,2.2344827586206897,1.8551724137931034,0.817759822041938,0.6550165200039255,0.5438254440773332,0.8009888751545117
2306,66.5,386.2,75.3,128.2,80.65174603174604,44,1.5113636363636365,1.7113636363636362,8.777272727272727,0.8245326762525929,0.9336437672454171,4.788489016071448,1.132330827067669
2307,48.3,53.7,32.7,110.2,65.30707070707071,27,1.7888888888888888,1.2111111111111112,1.988888888888889,0.739583011105268,0.5007114795681629,0.8222693104834968,0.6770186335403727
2308,67.4,140.3,62.9,191.8,94.46454849498328,19,3.547368421052632,3.3105263157894735,7.3842105263157904,0.7134951796607529,0.6658582611374089,1.4852132597389265,0.933234421364985
2309,63.9,32.0,107.2,174.5,76.77269736842106,43,1.486046511627907,2.4930232558139536,0.7441860465116279,0.8323271448097381,1.3963297327637547,0.4168148456011208,1.677621283255086
2310,56.7,119.4,71.4,95.1,72.4968858131488,17,3.335294117647059,4.2,7.023529411764706,0.7821025601863342,0.9848698906050135,1.646967296053762,1.2592592592592593
2311,8.6,,10.6,79.7,64.56835443037974,0,,,,0.1331921817718442,0.16416710776529633,,1.2325581395348837
2312,63.4,140.4,61.9,148.1,81.28540372670807,35,1.8114285714285714,1.7685714285714285,4.011428571428572,0.7799678305487528,0.7615143329805647,1.7272473723824118,0.9763406940063092
2313,91.8,103.6,75.8,162.5,122.11791044776119,248,0.37016129032258066,0.30564516129032254,0.41774193548387095,0.7517324826751732,0.6207115706620712,0.848360405284836,0.8257080610021786
2401,56.7,74.5,77.1,135.3,73.76,39,1.453846153846154,1.9769230769230768,1.9102564102564104,0.7687093275488069,1.045281995661605,1.0100325379609543,1.3597883597883595
2402,101.6,175.5,179.8,107.6,119.26417445482866,22,4.618181818181818,8.172727272727274,7.9772727272727275,0.8518903557118154,1.5075776176868545,1.471523203025823,1.769685039370079
2403,73.6,159.0,71.9,157.3,99.47909967845658,30,2.453333333333333,2.396666666666667,5.3,0.7398539013510893,0.7227648846079257,1.5983256836253155,0.9769021739130437
2404,13.9,29.8,2.3,101.6,60.87583333333334,0,,,,0.22833362992977507,0.03778182365744479,0.48952101956167604,0.16546762589928055
2501,102.8,59.1,96.2,142.1,137.3195652173913,60,1.7133333333333334,1.6033333333333333,0.985,0.7486187407982016,0.7005556698909241,0.43038295312425795,0.9357976653696498
2502,123.8,30.9,77.1,174.6,129.52444444444444,22,5.627272727272727,3.5045454545454544,1.4045454545454545,0.9558041382150088,0.5952544350272793,0.23856500703427924,0.622778675282714
2503,39.0,40.2,50.6,92.6,64.34065420560748,3,13.0,16.866666666666667,13.4,0.6061486393248553,0.7864390038419917,0.6247993666886971,1.2974358974358975
2504,84.5,46.3,76.8,121.9,90.85848375451263,14,6.035714285714286,5.485714285714286,3.307142857142857,0.9300177210562703,0.8452705441079474,0.5095836743775777,0.9088757396449704
2505,57.6,43.7,25.5,73.7,81.04,5,11.52,5.1,8.74,0.7107601184600197,0.3146594274432379,0.5392398815399803,0.4427083333333333
2506,95.2,48.2,110.8,211.5,108.9624087591241,8,11.9,13.85,6.025,0.8736958101803005,1.0168644513442993,0.4423543912887656,1.1638655462184873
2507,28.0,3.4,65.2,108.1,74.97153284671533,1,28.0,65.2,3.4,0.37347509030191506,0.8696634245601736,0.04535054667951825,2.3285714285714287
2601,87.9,100.3,112.3,90.6,105.83012552301255,7,12.557142857142859,16.04285714285714,14.328571428571427,0.8305763558873066,1.0611345252121107,0.9477452616097479,1.2775881683731511
2602,127.5,111.2,189.6,82.4,111.23621262458471,17,7.5,11.152941176470588,6.541176470588235,1.146209467148118,1.7044809017355542,0.9996744529166331,1.4870588235294118
2603,69.4,3.6,45.7,76.0,81.5839826839827,7,9.914285714285715,6.528571428571429,0.5142857142857143,0.8506571721170121,0.560158973569848,0.04412630864007555,0.6585014409221902
2604,134.0,131.9,95.9,70.7,128.3963963963964,214,0.6261682242990654,0.44813084112149537,0.616355140186916,1.0436429974740387,0.7469056974459726,1.0272873982598933,0.7156716417910448
2605,92.4,14.9,76.5,61.6,95.52754098360656,28,3.3000000000000003,2.732142857142857,0.5321428571428571,0.9672603214590935,0.8008161752339897,0.1559759609279274,0.8279220779220778
2606,48.8,,30.4,53.3,62.953714285714284,4,12.2,7.6,,0.7751726892319981,0.4828944621445234,,0.6229508196721312
2701,109.8,152.5,65.4,94.0,135.64417177914112,135,0.8133333333333334,0.4844444444444445,1.1296296296296295,0.8094708276797828,0.4821438263229308,1.1242650384441428,0.5956284153005466
2702,99.7,55.1,47.5,82.7,92.72984615384615,70,1.4242857142857144,0.6785714285714286,0.7871428571428571,1.0751662397303001,0.5122406859296816,0.5941991956784307,0.47642928786359073
2703,108.0,113.9,104.1,81.6,97.50091743119266,102,1.0588235294117647,1.0205882352941176,1.1166666666666667,1.1076818849034589,1.067682261281945,1.168194136023185,0.9638888888888888
2704,74.1,16.7,43.5,105.5,67.5672131147541,35,2.117142857142857,1.2428571428571429,0.47714285714285715,1.09668575310559,0.6438033773291926,0.24716129658385091,0.5870445344129556
2705,136.5,156.6,124.3,86.3,129.41913580246916,61,2.237704918032787,2.037704918032787,2.5672131147540984,1.0547126524499304,0.9604452945020245,1.2100219880854146,0.9106227106227106
2706,85.2,41.2,49.4,113.6,88.61613924050631,55,1.549090909090909,0.8981818181818182,0.7490909090909091,0.9614501458787904,0.557460530591693,0.46492659636392214,0.5798122065727699
2707,111.8,31.7,62.6,110.8,105.0058282208589,48,2.3291666666666666,1.3041666666666667,0.6604166666666667,1.0647028064466184,0.5961573853627756,0.3018880050479231,0.5599284436493739
2708,135.3,112.9,88.3,119.7,136.12245508982036,315,0.4295238095238096,0.2803174603174603,0.3584126984126984,0.9939579763729823,0.6486806305523601,0.8294002626201752,0.6526237989652623
2801,133.3,142.1,77.7,81.9,123.17147147147149,187,0.7128342245989305,0.41550802139037435,0.7598930481283422,1.0822311238757463,0.6308278944121941,1.153676239330409,0.5828957239309828
2804,104.8,271.1,129.8,110.5,119.49006211180125,57,1.8385964912280701,2.2771929824561408,4.756140350877193,0.8770603860088678,1.0862828063354109,2.268807926021031,1.2385496183206108
2805,79.5,147.4,46.1,106.6,96.62787456445993,16,4.96875,2.88125,9.2125,0.822743958286757,0.4770880060002452,1.525439741527899,0.579874213836478
2808,57.6,19.3,60.7,135.7,85.7408163265306,8,7.2,7.5875,2.4125,0.6717920643610312,0.7079475400471283,0.22509699378763717,1.0538194444444444
2809,49.9,255.5,52.5,36.0,68.30437158469945,2,24.95,26.25,127.75,0.7305535332847988,0.7686184468427242,3.740609774634591,1.0521042084168337
2810,70.9,163.5,46.0,75.0,95.92092050209205,10,7.090000000000001,4.6,16.35,0.7391505380565407,0.4795617031114368,1.704529096928694,0.6488011283497884
2811,97.0,87.0,30.7,85.3,92.27897897897898,162,0.5987654320987654,0.18950617283950616,0.5370370370370371,1.0511603083742014,0.3326868192483297,0.9427932662737682,0.31649484536082473
2812,101.2,89.6,51.7,144.6,113.28390092879256,70,1.4457142857142857,0.7385714285714287,1.28,0.8933308190332517,0.4563755271148134,0.7909332152705469,0.5108695652173914
2901,116.1,46.1,40.3,81.3,111.97038216560509,32,3.628125,1.259375,1.440625,1.0368813408914437,0.35991660670047526,0.41171601907920374,0.347114556416882
2902,135.3,36.0,56.3,154.4,146.996,9,15.033333333333335,6.2555555555555555,4.0,0.9204332090669134,0.38300361914609915,0.24490462325505455,0.4161123429416112
2903,85.3,163.5,52.6,63.8,74.09797979797979,19,4.489473684210526,2.768421052631579,8.605263157894736,1.15117848330766,0.7098709052987446,2.2065378900445767,0.6166471277842908
2904,126.4,15.0,83.2,138.8,125.8386075949367,45,2.808888888888889,1.848888888888889,0.3333333333333333,1.0044612096064378,0.6611643405004402,0.11920030177291588,0.6582278481012658
2905,62.2,,16.7,34.1,98.39884393063583,3,20.733333333333334,5.566666666666666,,0.6321212477236681,0.1697174411090877,,0.2684887459807074
3001,159.9,278.1,199.7,84.5,166.3217391304348,53,3.016981132075472,3.7679245283018865,5.247169811320755,0.9613896585977937,1.2006848956971818,1.6720604381241178,1.2489055659787367
3002,47.5,132.1,81.7,94.9,78.00494505494505,2,23.75,40.85,66.05,0.608935753580007,1.0473694961576119,1.6934823799561876,1.72
3003,73.9,73.2,87.0,132.4,116.07037037037034,6,12.316666666666668,14.5,12.200000000000001,0.6366827275918188,0.7495452949998407,0.6306519033791763,1.1772665764546684
3004,35.4,11.4,11.0,63.5,76.53277310924369,1,35.4,11.0,11.4,0.4625469398511101,0.1437292750949777,0.14895579418934055,0.3107344632768362
3005,63.9,178.4,23.4,95.9,120.27326203208555,3,21.3,7.8,59.46666666666667,0.5312901547723322,0.19455695808564277,1.4832889454050715,0.36619718309859156
3006,86.8,214.1,63.1,87.2,99.61968503937008,7,12.4,9.014285714285714,30.585714285714285,0.8713137364939099,0.6334089489949967,2.149173628840393,0.7269585253456221
3007,29.9,214.9,53.8,167.3,89.73803680981595,1,29.9,53.8,214.9,0.3331920450117246,0.5995228100879861,2.3947481763551717,1.7993311036789297
3101,110.7,219.3,127.7,79.2,124.62384105960265,16,6.91875,7.98125,13.70625,0.8882730548086427,1.0246835510303856,1.759695401260482,1.1535682023486902
3102,89.9,106.0,101.9,29.3,114.58609865470852,5,17.98,20.380000000000003,21.2,0.7845628837657078,0.8892876290959468,0.9250685837504451,1.1334816462736375
3103,156.7,251.0,158.7,34.1,159.28396226415094,29,5.403448275862068,5.472413793103448,8.655172413793103,0.9837776369483715,0.9963338288685805,1.5758020859862236,1.0127632418634334
3201,102.1,190.9,136.9,63.7,109.86966666666667,19,5.373684210526315,7.205263157894737,10.047368421052632,0.9292828775913278,1.2460218015891555,1.7375132353788882,1.3408423114593537
3202,20.0,43.2,59.4,113.1,69.12330827067669,0,,,,0.2893380033502295,0.8593338699501817,0.6249700872364958,2.9699999999999998
3203,174.7,232.7,203.9,44.3,193.56990595611285,40,4.3675,5.0975,5.8175,0.9025163242038712,1.0533662192625606,1.2021496774026377,1.1671436748712078
3204,28.3,102.6,73.3,37.1,80.8,3,9.433333333333334,24.433333333333334,34.199999999999996,0.3502475247524753,0.9071782178217822,1.2698019801980198,2.5901060070671376
3205,77.3,178.7,134.7,21.1,110.825,6,12.883333333333333,22.45,29.78333333333333,0.697496052334762,1.2154297315587637,1.612452064064967,1.742561448900388
3206,80.5,207.6,70.7,35.7,129.0951515151515,2,40.25,35.35,103.8,0.6235710563502608,0.5476580581858812,1.6081161651964488,0.8782608695652174
3207,32.4,,16.4,2.4,136.5720588235294,2,16.2,8.2,,0.23723739891675372,0.12008312784675187,,0.5061728395061729
3301,130.3,62.9,88.4,155.3,145.14264264264264,131,0.9946564885496184,0.6748091603053435,0.4801526717557252,0.8977375471990897,0.6090560182072106,0.43336678218589975,0.6784343821949348
3302,103.0,113.0,163.0,152.6,130.45122699386505,55,1.8727272727272728,2.963636363636364,2.0545454545454547,0.7895671230815173,1.2495091365270614,0.8662241253224413,1.5825242718446602
3303,28.9,,3.3,47.9,95.06,0,,,,0.30401851462234375,0.034714916894592884,,0.11418685121107267
3304,21.3,133.5,33.1,37.7,93.3632183908046,1,21.3,33.1,133.5,0.22814123556496688,0.3545293378967326,1.4298992933297219,1.5539906103286385
3305,66.4,161.6,25.8,170.3,89.64738955823294,10,6.640000000000001,2.58,16.16,0.7406796821101862,0.28779421383196996,1.802618021521176,0.3885542168674699
3401,119.9,121.5,121.0,67.0,115.63738601823707,148,0.8101351351351351,0.8175675675675675,0.8209459459459459,1.0368619019206355,1.046374396433669,1.050698257575957,1.0091743119266054
3402,114.7,109.1,145.9,58.9,139.98174273858925,11,10.427272727272728,13.263636363636364,9.918181818181818,0.8193925704596923,1.04227877968674,0.7793873534189399,1.2720139494333043
3403,115.4,158.1,170.3,61.4,119.76993243243241,24,4.808333333333334,7.095833333333334,6.5874999999999995,0.9635139442455837,1.421892761741966,1.3200308022983256,1.475736568457539
3404,62.8,2.1,116.0,84.7,83.3973282442748,11,5.709090909090909,10.545454545454545,0.19090909090909092,0.7530217253010284,1.3909318492821545,0.025180662788728658,1.8471337579617835
3405,85.7,103.0,148.8,188.4,111.07000000000001,15,5.713333333333334,9.92,6.866666666666666,0.7715854866300531,1.3396956874043395,0.9273431169532727,1.736289381563594
3406,110.9,140.8,78.6,145.8,108.38993710691824,35,3.1685714285714286,2.2457142857142856,4.022857142857143,1.0231577115005224,0.7251595682952303,1.2990135778113034,0.708746618575293
3407,88.3,64.6,225.9,14.7,104.65251141552513,6,14.716666666666667,37.65,10.766666666666666,0.8437446823364122,2.158572182783641,0.6172809340762426,2.55832389580974
3501,87.3,21.2,58.4,76.5,100.4298449612403,6,14.549999999999999,9.733333333333333,3.533333333333333,0.869263514582666,0.5815004496177285,0.21109262897081923,0.6689576174112256
3502,65.2,217.6,46.9,42.8,77.27329545454546,2,32.6,23.45,108.8,0.8437585017757222,0.6069367137006345,2.8159792942698947,0.7193251533742331
3503,73.7,72.4,141.9,72.5,86.04119718309859,13,5.6692307692307695,10.915384615384616,5.56923076923077,0.8565664171683235,1.649209967383787,0.8414573758885566,1.9253731343283582
3504,125.3,308.2,117.3,74.9,128.0743670886076,21,5.966666666666667,5.585714285714285,14.676190476190476,0.9783378426794163,0.9158741336496052,2.4064143903734725,0.9361532322426177
3505,132.3,192.0,101.6,85.6,167.12767295597482,48,2.75625,2.1166666666666667,4.0,0.7916103758283692,0.6079184745590499,1.1488223141273386,0.7679516250944821
3506,95.9,255.1,94.4,78.6,102.39322033898306,19,5.0473684210526315,4.968421052631579,13.426315789473684,0.9365854466000132,0.9219360391975104,2.491375885585645,0.9843587069864442
3507,111.7,312.6,91.3,89.6,212.3590163934426,1,111.7,91.3,312.6,0.525996032083002,0.4299322983811825,1.4720354487837641,0.8173679498657117
3508,41.5,103.6,3.7,36.9,99.52700729927008,0,,,,0.4169722482985214,0.03717583900492842,1.0409234921379957,0.0891566265060241
3601,110.3,131.3,59.4,89.1,118.88389057750761,53,2.081132075471698,1.120754716981132,2.4773584905660377,0.9277960156265977,0.4996471743265631,1.1044389560450798,0.5385312783318223
3603,138.5,17.3,139.8,118.0,145.2658273381295,11,12.590909090909092,12.70909090909091,1.5727272727272728,0.9534245082817657,0.9623736191898257,0.11909201439187399,1.0093862815884478
3605,39.1,111.4,44.0,66.1,79.32129032258064,3,13.033333333333333,14.666666666666666,37.13333333333333,0.4929319712398738,0.5547060545921854,1.404414874581124,1.1253196930946292
3702,14.9,,,167.9,103.02727272727275,0,,,,0.14462190064413658,,,
3706,122.5,102.4,63.9,107.4,128.9352760736196,60,2.0416666666666665,1.065,1.7066666666666668,0.9500890968741155,0.49559749624698757,0.7941969266931382,0.5216326530612245
3707,81.3,133.3,65.2,154.6,94.24294871794872,26,3.126923076923077,2.5076923076923077,5.126923076923077,0.8626640094137492,0.6918289472789232,1.4144294274889642,0.8019680196801968
3801,72.9,54.7,56.1,77.3,105.94875621890547,1,72.9,56.1,54.7,0.6880684833088371,0.5295012608179116,0.5162873256103345,0.7695473251028806
3802,61.3,97.9,45.4,212.3,98.61516245487365,10,6.13,4.54,9.790000000000001,0.6216082646322355,0.4603754521093555,0.9927479462886764,0.7406199021207178
3803,55.3,38.4,37.1,174.2,94.03517786561264,5,11.059999999999999,7.42,7.68,0.5880777944508194,0.3945332038720688,0.4083578174848367,0.6708860759493671
3804,122.8,122.4,114.1,149.0,151.86374622356496,78,1.5743589743589743,1.4628205128205127,1.5692307692307692,0.8086195886358617,0.7513313930240376,0.8059856486077319,0.9291530944625407
3805,46.2,144.0,9.4,128.1,77.52608695652174,4,11.55,2.35,36.0,0.5959284392350401,0.12124950928158826,1.8574392911222029,0.20346320346320346
3806,61.4,49.2,62.4,259.1,108.68181818181819,7,8.77142857142857,8.914285714285715,7.028571428571429,0.5649519029694688,0.5741530740276035,0.45269761606022585,1.01628664495114
3901,30.9,101.0,36.7,11.8,88.30615384615385,1,30.9,36.7,101.0,0.3499189881356818,0.41559957490548616,1.143748148922455,1.1877022653721685
3902,133.6,112.2,79.5,100.3,144.24437689969602,70,1.9085714285714286,1.1357142857142857,1.602857142857143,0.9262059490395396,0.5511480011126003,0.7778466128909907,0.5950598802395209
3903,30.8,,,10.3,62.195402298850574,2,15.4,,,0.49521345407503237,,,
3904,56.1,101.3,48.4,61.5,83.52842105263159,5,11.22,9.68,20.259999999999998,0.6716276842423631,0.5794434922875289,1.2127608629902207,0.8627450980392156
4001,171.7,190.3,163.6,71.5,171.08832335329342,236,0.7275423728813559,0.6932203389830508,0.8063559322033899,1.00357520977889,0.956231242398523,1.1122909867263993,0.9528246942341293
4002,74.7,133.3,72.7,14.5,79.77391304347826,15,4.98,4.846666666666667,8.886666666666667,0.9363963374754742,0.9113254850664924,1.6709723130586442,0.9732262382864793
4003,41.6,45.0,46.2,120.2,62.60829268292682,5,8.32,9.24,9.0,0.6644487210452914,0.7379214161608765,0.7187546261307238,1.1105769230769231
4004,85.1,70.8,91.0,64.2,90.02733564013842,21,4.052380952380952,4.333333333333333,3.3714285714285714,0.9452684497980235,1.0108041002540558,0.7864278054723862,1.0693301997649824
4005,45.1,35.5,30.4,15.9,65.23740458015266,3,15.033333333333333,10.133333333333333,11.833333333333334,0.6913211874422253,0.4659903347725864,0.5441663448824612,0.6740576496674057
4006,165.8,176.8,191.8,156.4,184.65562310030396,55,3.0145454545454546,3.4872727272727273,3.214545454545455,0.8978876311280178,1.038690275333859,0.9574579805997199,1.1568154402895054
4007,118.6,105.4,143.4,35.3,116.7237885462555,9,13.177777777777777,15.933333333333334,11.711111111111112,1.0160739423995049,1.228541343508339,0.9029864547125448,1.209106239460371
4008,80.5,124.3,133.0,81.1,95.27414448669201,11,7.318181818181818,12.090909090909092,11.299999999999999,0.8449301794700904,1.3959716008636276,1.3046561653184128,1.6521739130434783
4009,113.7,519.1,218.0,46.6,124.03517241379309,7,16.242857142857144,31.142857142857142,74.15714285714286,0.916675470250374,1.7575659851766186,4.185103224335701,1.9173262972735268
4010,53.2,22.3,71.3,32.3,84.00823529411764,4,13.3,17.825,5.575,0.633271247916871,0.8487263153472349,0.26545016595011695,1.3402255639097742
4011,48.3,99.2,70.0,85.1,61.582105263157885,4,12.075,17.5,24.8,0.7843187528844675,1.136693844760098,1.6108575628600246,1.4492753623188406
4012,129.8,173.9,162.7,131.7,143.05030120481928,132,0.9833333333333334,1.2325757575757574,1.3174242424242424,0.9073731331341449,1.13736216302716,1.21565630086308,1.2534668721109397
4013,48.9,69.7,73.4,68.0,60.08020833333334,2,24.45,36.7,34.85,0.8139119579728487,1.2217001577751962,1.1601158173968826,1.5010224948875257
4101,170.5,162.4,157.9,62.2,186.9206896551724,39,4.371794871794871,4.0487179487179485,4.164102564102564,0.9121515671407753,0.8447432988359438,0.8688176803733836,0.9260997067448681
4102,43.2,45.7,19.1,16.1,63.45428571428572,3,14.4,6.366666666666667,15.233333333333334,0.6808050790220181,0.3010040974379756,0.7202035210950516,0.44212962962962965
4103,85.9,123.1,84.0,76.0,113.29504504504504,5,17.18,16.8,24.619999999999997,0.7581973242152557,0.741426952666839,1.08654354611057,0.9778812572759021
4104,62.9,202.9,29.9,55.5,97.50666666666666,0,,,,0.6450840968138931,0.3066456994393546,2.0808833584028443,0.4753577106518283
4105,151.7,10.7,176.0,35.0,136.6324427480916,15,10.113333333333333,11.733333333333333,0.7133333333333333,1.110278034622336,1.2881274495288804,0.07831229380658535,1.1601845748187212
4201,111.5,173.5,39.1,181.2,141.5212765957447,61,1.8278688524590163,0.6409836065573771,2.8442622950819674,0.7878673983312035,0.2762835450650229,1.2259640682552806,0.3506726457399103
4202,96.2,136.2,45.5,222.2,114.13927392739274,22,4.372727272727273,2.0681818181818183,6.1909090909090905,0.8428299628153897,0.3986357932234951,1.1932790118030776,0.47297297297297297
4203,85.3,362.3,58.1,151.3,121.52287581699346,25,3.412,2.324,14.492,0.7019254558167052,0.478099284677029,2.9813316839670847,0.6811254396248535
4204,32.0,,13.3,141.0,192.81230769230766,6,5.333333333333333,2.216666666666667,,0.16596450912804803,0.06897899910634497,,0.415625
4206,34.3,333.0,15.9,183.3,107.66571428571427,0,,,,0.31857866942653185,0.1476793248945148,3.0929066157153096,0.4635568513119534
4207,18.6,8.2,9.9,148.7,104.30673076923078,0,,,,0.17832022787820684,0.09491237935452944,0.07861429401082236,0.532258064516129
4208,53.0,6.6,16.1,45.0,151.69545454545454,1,53.0,16.1,6.6,0.34938423276301206,0.10613370089593385,0.04350822521199772,0.3037735849056604
4209,32.1,5.7,31.4,174.4,119.01349206349207,1,32.1,31.4,5.7,0.2697173189647699,0.263835632881426,0.04789372953580026,0.9781931464174454
4302,7.5,,48.0,138.5,69.6,2,3.75,24.0,,0.10775862068965518,0.6896551724137931,,6.4
4303,48.6,132.2,49.3,42.8,62.770050761421324,5,9.72,9.86,26.439999999999998,0.7742545913292413,0.7854064064306913,2.1060999377309813,1.01440329218107
4304,37.3,,31.8,5.3,97.16276595744682,1,37.3,31.8,,0.38389191201427736,0.3272858660068102,,0.8525469168900806
4305,49.7,5.6,56.2,44.3,63.44371257485029,8,6.2125,7.025,0.7,0.783371558550651,0.8858245792866516,0.08826721786486207,1.130784708249497
4306,2.3,,0.4,,44.647619047619045,1,2.3,0.4,,0.05151450511945392,0.008959044368600684,,0.1739130434782609
4308,117.3,25.0,91.6,111.6,132.70375939849623,12,9.775,7.633333333333333,2.0833333333333335,0.8839237149850422,0.6902592693318829,0.18838953857311216,0.7809036658141517
4309,41.7,153.7,69.9,112.1,118.10617283950617,1,41.7,69.9,153.7,0.3530721468442289,0.5918403612568729,1.3013714381284887,1.6762589928057554
4310,73.8,,62.2,98.9,99.31512195121951,3,24.599999999999998,20.733333333333334,,0.743089255191654,0.6262893180612586,,0.8428184281842819
4311,57.0,352.6,31.5,55.4,96.96648936170213,3,19.0,10.5,117.53333333333335,0.5878319445739645,0.3248544956856119,3.6363077834522786,0.5526315789473685
4312,168.7,335.2,197.3,176.7,173.04894259818735,121,1.3942148760330577,1.6305785123966943,2.7702479338842974,0.9748687132501848,1.1401398762552548,1.9370242601153642,1.169531713100178
4401,117.0,42.5,99.2,182.0,148.19113475177306,20,5.85,4.96,2.125,0.7895209129478653,0.6694057655079337,0.28679178461781435,0.8478632478632478
4403,134.7,54.7,133.2,221.9,172.07666666666668,64,2.1046875,2.08125,0.8546875,0.7827906165856303,0.7740735718575052,0.31788156441896054,0.9888641425389755
4405,48.4,4.8,54.8,166.6,122.45464480874317,3,16.133333333333333,18.266666666666666,1.5999999999999999,0.3952483801295896,0.4475126287417667,0.03919818645913285,1.1322314049586777
4406,32.5,56.3,15.5,60.1,110.62196969696969,3,10.833333333333334,5.166666666666667,18.766666666666666,0.29379335848953236,0.14011683251039236,0.5089404948603283,0.47692307692307695
4408,75.3,28.3,62.4,167.7,105.34207650273223,2,37.65,31.2,14.15,0.7148140847408392,0.5923558949246794,0.26864858696103255,0.8286852589641435
4409,80.7,29.8,90.8,120.0,95.28201754385965,5,16.14,18.16,5.96,0.8469593956997463,0.9529605096596898,0.31275576198082333,1.1251548946716232
4501,129.6,270.7,199.5,174.3,165.11865443425077,57,2.2736842105263158,3.5,4.749122807017543,0.7848901170134348,1.2082220551248477,1.6394271194100063,1.5393518518518519
4502,92.6,262.0,163.3,172.6,123.4339552238806,14,6.614285714285714,11.664285714285715,18.714285714285715,0.7501987587778828,1.322974700954949,2.122592600429863,1.7634989200863933
4503,72.1,67.3,171.5,200.7,98.1926406926407,6,12.016666666666666,28.583333333333332,11.216666666666667,0.7342709136999889,1.7465667364708475,0.6853874132040119,2.3786407766990294
4504,46.3,18.7,179.8,128.7,94.16114649681529,3,15.433333333333332,59.93333333333334,6.233333333333333,0.49171024060933616,1.9094924678522387,0.19859571272990467,3.883369330453564
4505,77.5,15.7,101.0,25.4,125.88646616541355,1,77.5,101.0,15.7,0.6156340896738318,0.8023102329942841,0.1247155510694085,1.303225806451613
4506,14.6,1.6,40.3,42.9,88.16126126126126,0,,,,0.1656056162437793,0.4571168722345415,0.01814856068424979,2.7602739726027394
4507,33.6,,42.4,111.4,80.39407894736843,2,16.8,21.2,,0.417941227014951,0.5274020245664858,,1.2619047619047619
4601,186.3,130.5,187.3,119.0,180.29454545454544,106,1.7575471698113208,1.7669811320754718,1.2311320754716981,1.033309130513705,1.0388556100118997,0.723815574514431,1.0053676865271068
4603,49.1,104.2,17.1,36.7,80.01052631578948,5,9.82,3.4200000000000004,20.84,0.6136692540455203,0.21372187870017104,1.3023286409682937,0.3482688391038697
4605,73.5,149.5,121.1,116.2,109.23591160220992,8,9.1875,15.1375,18.6875,0.6728556472129358,1.108609780646075,1.3685975409297129,1.6476190476190475
4606,62.8,162.2,57.6,44.6,103.32784810126581,5,12.559999999999999,11.52,32.44,0.6077741978953558,0.5574489458403264,1.569760746793419,0.9171974522292994
4607,59.5,194.1,66.8,82.3,80.414406779661,4,14.875,16.7,48.525,0.7399171663733417,0.8306969195586424,2.41374658811875,1.122689075630252
4609,30.1,8.0,38.2,5.6,50.75392156862745,2,15.05,19.1,4.0,0.5930576213564103,0.7526512005254111,0.1576232880681489,1.2691029900332227
4610,79.8,255.0,77.2,79.5,113.37747747747747,5,15.959999999999999,15.440000000000001,51.0,0.7038434949820818,0.6809112507846706,2.2491239501307123,0.9674185463659148
4611,29.5,111.4,12.2,9.4,123.79444444444445,1,29.5,12.2,111.4,0.23829825427455906,0.09855046447964814,0.8998788313961316,0.4135593220338983
4612,67.4,25.4,78.9,76.9,85.35969387755102,5,13.48,15.780000000000001,5.08,0.7895998326409851,0.9243238396939721,0.2975643286213801,1.1706231454005935
4701,57.6,109.5,86.1,57.6,95.36022727272726,4,14.4,21.525,27.375,0.604025406055984,0.9028921434274343,1.1482774646376779,1.4947916666666665
4702,76.0,186.8,90.6,107.5,85.769,30,2.533333333333333,3.02,6.2266666666666675,0.8861010388368757,1.0563257120871177,2.177943079667479,1.1921052631578946
4703,129.9,136.7,142.5,120.5,134.85255255255254,91,1.4274725274725275,1.565934065934066,1.502197802197802,0.9632743136202594,1.05670969738943,1.013699758829018,1.0969976905311778
4704,45.3,116.8,124.5,179.9,114.01599999999999,3,15.1,41.5,38.93333333333333,0.3973126578725793,1.0919520067358968,1.0244176255964075,2.748344370860927
4705,44.6,210.6,84.3,82.9,109.77000000000001,5,8.92,16.86,42.12,0.40630409037077525,0.7679693905438644,1.9185569827821807,1.8901345291479819
